topicId,words..
1,pom ldap users access invalid missing plexus org run path
2,metadata remote version repo log browse jar show remove message
3,repository artifact proxy error configuration download add network connector dependency
4,artifacts default directory project snapshots fail browsing security jetty connectors
5,repositories file delete admin test work results ui content report
6,repository doesn index upload url java password webapp purge unable
7,archiva search page web managed http group consumers support legacy
8,files plugin database audit exception edit dependencies groups application info
9,tests scanning apache create find npe adding module documentation advanced
10,maven user snapshot fails xml consumer change deployment proxied manager
